"","id","family_id","name","latitude","longitude"
"14","abad1241","aust1307","Abadi",-9.03389,146.992
"19","abai1240","aust1307","Abai Sungai",5.55394,118.306
"20","abai1241","aust1307","Abai Tubu-Abai Sembuak",3.524226,116.162455
"44","aben1249","aust1307","Abenlen Ayta",15.4131,120.2
"102","achi1257","aust1307","Acehnese",3.90757,96.6032
"133","adas1235","aust1307","Adasen",17.8187,120.905
"164","adon1237","aust1307","Adonara",-8.32027,123.159
"172","adze1240","aust1307","Adzera",-6.39394,146.294
"251","agta1234","aust1307","Agta-Pahanan",17.0538,122.2802
"262","agus1235","aust1307","Agusan Manobo",8.62731,125.742
"263","agut1237","aust1307","Agutaynen",10.5328,119.655
"276","ahin1234","aust1307","Ahin-Kayapa Kalanguya",16.321,120.90003
"293","aigh1235","aust1307","Aighon",-5.99488,150.272
"297","aikl1237","aust1307","Aiklep",-6.23575,149.571
"333","ajie1238","aust1307","Ajië",-21.3029,165.468
"364","akei1237","aust1307","Akei",-15.6377,166.767
"384","akla1240","aust1307","Aklanon",11.55432,122.35413
"385","akla1241","aust1307","Kailibo Aklanon",11.5543,122.354
"387","akol1237","aust1307","Akolet",-6.22711,150.182
"420","alab1246","aust1307","Alabat Island Agta",14.1217,122.014
"439","alan1249","aust1307","Alangan",13.0982,121.022
"453","alba1269","aust1307","Inland-Buhi-Daraga Bikol",13.1989,123.49
"509","alor1247","aust1307","Alorese",-8.20382,124.264
"539","alun1238","aust1307","Alune",-3.11477,128.394
"555","amah1245","aust1307","Amahai",-3.32028,128.939
"574","amar1272","aust1307","Amara",-5.55778,148.68
"575","amar1273","aust1307","Amarasi",-10.21751,123.96373
"585","amba1265","aust1307","Ambai",-1.88126,136.526
"586","amba1266","aust1307","Amba (Solomon Islands)",-11.2958,166.498
"587","amba1267","aust1307","Ambala Ayta",14.8156,120.283
"593","ambe1248","aust1307","Ambelau",-3.85919,127.196
"594","ambl1237","aust1307","Amblong",-15.5169,166.95
"598","ambo1250","aust1307","Ambonese Malay",-3.71342,128.184
"625","amga1235","aust1307","Amganad Ifugao",16.9016,121.042
"632","amis1246","aust1307","Amis",23.0917,121.348
"647","ampa1239","aust1307","Ampanang",-0.79259,116.349
"650","ampi1237","aust1307","Ampibabo",-0.5,120
"672","anak1240","aust1307","Anakalang",-9.63425,119.605
"727","andi1257","aust1307","Andio",-0.88368,123.174
"736","andr1248","aust1307","Andra-Hus",-2.05894,147.085
"739","anei1239","aust1307","Aneityum",-20.1864,169.825
"824","ansu1237","aust1307","Ansus",-1.7543,135.866
"829","anta1255","aust1307","Antankarana Malagasy",-13.2164,49.2402
"846","anuk1239","aust1307","Anuki",-9.6692,149.822
"847","anus1237","aust1307","Korur",-2.26271,139.502
"849","anut1237","aust1307","Anuta",-11.61,169.85
"863","aohe1237","aust1307","Aoheng-Seputan",0.87404,114.127
"869","aore1237","aust1307","Aore",-15.5753,167.166
"879","apal1255","aust1307","Apalik",-6.29002,149.96
"894","apma1240","aust1307","Apma",-15.8559,168.189
"917","aput1237","aust1307","Aputai",-7.84732,126.496
"940","arak1252","aust1307","Araki",-15.632997,166.952542
"947","aral1243","aust1307","Aralle-Tabulahan",-2.78397,119.319
"1009","area1240","aust1307","'Are'are",-9.20699,161.158
"1014","aree1239","aust1307","Are",-9.67147,149.999
"1025","argu1237","aust1307","Arguni",-2.645798,132.5556
"1026","arha1237","aust1307","Arhâ",-21.2866,165.273
"1028","arho1237","aust1307","Arhö",-21.3183,165.161
"1031","arib1240","aust1307","Aribwaung",-6.65252,146.919
"1032","arib1241","aust1307","Aribwatsa",-6.72266,146.991
"1035","arif1239","aust1307","Arifama-Miniafia",-9.15565,149.246
"1071","arop1242","aust1307","Arop-Sissano",-3.06984,142.12
"1072","arop1243","aust1307","Arop-Lokep",-5.31671,147.103
"1074","aros1241","aust1307","Arosi",-10.2441,161.432
"1078","arta1239","aust1307","Arta",16.4185,121.656
"1148","asil1242","aust1307","Asilulu",-3.67302,127.952
"1175","asss1237","aust1307","As",-0.75267,131.728
"1188","asum1237","aust1307","Asumboa",-11.2969,166.499
"1196","ataa1240","aust1307","Ata",9.715,122.9
"1205","atam1240","aust1307","Ata Manobo",7.7789,125.499
"1211","atay1247","aust1307","Atayal",24.5209,121.388
"1225","atii1237","aust1307","Ati",11.1539,122.512
"1268","auhe1237","aust1307","'Auhelawa",-10.0959,151.002
"1271","aulu1238","aust1307","Aulua",-16.3579,167.697
"1285","aust1304","aust1307","Austral",-23.3843,-149.462
"1316","avau1237","aust1307","Avau",-6.24342,150.427
"1327","avok1244","aust1307","Avok",-16.536653,167.773866
"1335","awad1244","aust1307","Awad Bing",-5.59896,146.355
"1379","axam1237","aust1307","Axamb",-16.4838,167.707
"1394","ayiw1239","aust1307","Äiwoo",-10.30387,166.32344
"1448","baba1267","aust1307","Baba Malay",1.75414,103.076
"1449","baba1268","aust1307","Babatana",-7.22281,157.149
"1462","babu1240","aust1307","Babuza",24.0017,120.585
"1464","babu1242","aust1307","Babuyan",19.48,121.96
"1466","baca1243","aust1307","Bacanese Malay",-0.62275,127.49
"1478","bada1261","aust1307","Bada (Indonesia)",-1.80249,120.319
"1497","badu1237","aust1307","Badui",-6.35359,106.177
"1500","baeg1237","aust1307","Baeggu",-8.49014,160.771
"1501","bael1237","aust1307","Baelelea",-8.41627,160.721
"1503","baet1237","aust1307","Baetora",-15.2574,168.159
"1558","baha1257","aust1307","Bahau",0.30801,115.332
"1575","baho1237","aust1307","Bahonsuai",-2.22572,121.707
"1590","baik1238","aust1307","Baikeno",-9.32991,124.256
"1643","baki1244","aust1307","Baki",-16.7096,168.165
"1657","baku1263","aust1307","Bakumpai",-1.98842,114.77
"1677","bala1310","aust1307","Balangao",17.0994,121.272
"1678","bala1311","aust1307","Balangingi",6.011614,121.686646
"1681","bala1314","aust1307","Balaesang",-0.05644,119.689
"1682","bala1315","aust1307","Balantak",-0.86809,123.289
"1683","bala1316","aust1307","Balade",-20.25,164.2
"1701","bali1278","aust1307","Balinese",-8.35714,115.075
"1702","bali1279","aust1307","Balinese Malay",-8.355884,114.648391
"1709","bali1287","aust1307","Baliledu-Buawa",-9.56709,119.49165
"1731","balu1257","aust1307","Paluai",-2.5604,147.282
"1746","bamb1270","aust1307","Bambam",-3.02759,119.201
"1781","bana1288","aust1307","Banao Itneg",17.5643,121.05
"1811","band1353","aust1307","Banda Malay",-4.55565,129.905
"1813","band1355","aust1307","Banda (Indonesia)",-5.42138,133.142
"1852","bang1365","aust1307","Bangka",-1.73288,105.897
"1855","bang1368","aust1307","Banggai",-1.58305,123.171
"1874","banj1239","aust1307","Banjar",0.747105,115.79
"1885","bann1247","aust1307","Bannoni",-6.23061,155.128
"1898","bant1286","aust1307","Bantik",1.44586,124.846
"1900","bant1288","aust1307","Bantoanon",12.5194,122.034
"1905","bant1293","aust1307","Bantayanon",11.2144,123.755
"1946","bara1367","aust1307","Barakai",-6.7394,134.671
"1948","bara1369","aust1307","Bara Malagasy",-23.9716,45.5937
"1949","bara1370","aust1307","Baram Kayan",3.51211,114.482
"1950","bara1371","aust1307","Baras",-1.5667,119.342
"2005","bari1286","aust1307","Bariai",-5.5087,148.666
"2020","baro1253","aust1307","Barok",-3.47672,152.193
"2055","basa1286","aust1307","Basap",1.41405,117.942
"2056","basa1287","aust1307","Basay",25.0046,121.857
"2106","bata1288","aust1307","Batak Simalungun",3.04372,98.9083
"2107","bata1289","aust1307","Batak Toba",2.35498,99.1761
"2108","bata1290","aust1307","Batak Angkola",1.66127,99.60248
"2109","bata1291","aust1307","Batak Mandailing",0.85805,99.898
"2110","bata1292","aust1307","Batak Alas-Kluet",3.4293,97.8123
"2111","bata1293","aust1307","Batak Karo",2.12787,98.2517
"2112","bata1294","aust1307","Batak Dairi",2.51438,98.2427
"2113","bata1295","aust1307","Batanta",-0.862394,130.646
"2115","bata1297","aust1307","Bataan Ayta",14.4153,120.49
"2116","bata1298","aust1307","Batad Ifugao",16.8266,121.23
"2119","bata1301","aust1307","Batak",10.1115,119.025
"2142","bati1253","aust1307","Bati (Indonesia)",-3.61403,130.815
"2155","batu1258","aust1307","Batuley",-5.814412,134.784314
"2157","batu1260","aust1307","Batui",-1.254442,122.487151
"2162","baub1235","aust1307","Bau-Jagoi Bidayuh",1.54467,109.985
"2169","baur1252","aust1307","Bauro",-10.5826,161.863
"2191","bayb1234","aust1307","Baybayanon",10.6956,124.8086
"2226","bebe1252","aust1307","Bebeli",-5.63282,150.323
"2245","bedo1237","aust1307","Bedoanas",-2.74438,132.566
"2268","beka1241","aust1307","Riuk Bekati'",1.3307,109.576
"2281","bela1260","aust1307","Lemeting",4.96207,114.933
"2347","beng1287","aust1307","Benggoi",-3.13924,130.091
"2363","bent1237","aust1307","Bentong",-4.76004,119.806
"2369","beny1237","aust1307","Benyadu'",0.78534,109.753
"2381","bera1262","aust1307","Berau Malay",1.6687,117.934
"2415","beso1237","aust1307","Besoa",-1.60095,120.379
"2418","beta1252","aust1307","Betawi",-6.21174,107.022
"2505","biak1248","aust1307","Biak",-0.9523,135.879
"2520","biat1246","aust1307","Biatah Bidayuh",1.17596,110.254
"2542","biem1237","aust1307","Biem",-3.61342,144.816
"2543","bier1244","aust1307","Bierebo",-16.6663,168.154
"2545","bier1246","aust1307","Bieria",-16.7867,168.232
"2548","biga1238","aust1307","Biga",-1.99574,130.272
"2551","bign1238","aust1307","Big Nambas",-16.0903,167.239
"2555","biha1246","aust1307","Bih",12.483333,108.016667
"2586","bilb1241","aust1307","Bilibil",-5.26505,145.764
"2587","bilb1242","aust1307","Bilba",-10.6503,123.307
"2605","bilu1244","aust1307","Bilur",-4.39732,152.334
"2610","bima1247","aust1307","Bima",-8.57376,118.445
"2617","bina1271","aust1307","Bina (Papua New Guinea)",-10.2667,149.661
"2641","bino1237","aust1307","Binongan Itneg",17.5972,120.876
"2645","bint1245","aust1307","Bintauna",0.75069,123.486
"2646","bint1246","aust1307","Bintulu",3.867,113.634
"2647","binu1244","aust1307","Talaandig-Binukid",8.15933,124.892
"2651","bipi1237","aust1307","Bipi",-2.11115,146.398
"2654","bira1254","aust1307","Birao",-9.73716,160.52
"2726","blab1237","aust1307","Blablanga",-8.15058,159.419
"2749","boan1242","aust1307","Boano (Maluku)",-2.95535,127.953
"2750","boan1243","aust1307","Boano (Sulawesi)",0.51152,120.992
"2763","bobo1254","aust1307","Bobot",-3.43514,130.179
"2764","bobo1255","aust1307","Bobongko",-0.36759,121.922
"2842","bola1250","aust1307","Bola",-5.55792,150.095
"2844","bola1252","aust1307","Bolango",0.39044,123.888
"2857","boli1256","aust1307","Bolinao",16.3071,119.853
"2872","bolo1268","aust1307","Bolongan",2.75927,117.293
"2924","bone1254","aust1307","Bonerate",-7.37657,121.792
"2931","bong1287","aust1307","Bonggo",-2.28044,139.576
"2933","bong1289","aust1307","Bonggi",7.29249,117.174
"2949","bont1247","aust1307","Bontok",17.09386,121.02662
"2954","book1241","aust1307","Bookan",5.32519,116.474
"3009","bose1237","aust1307","Boselewa",-9.44763,150.693
"3031","boto1242","aust1307","Botolan Sambal",15.2315,120.164
"3054","bowa1234","aust1307","Manus Koro",-2.03429,147.14267
"3101","broo1239","aust1307","Brooke's Point Palawano",8.83891,117.871
"3110","brun1242","aust1307","Brunei",4.456045,114.429505
"3113","brun1245","aust1307","Brunei Bisaya-Dusun",4.60791,114.517
"3148","budi1249","aust1307","Budibud",-9.29802,153.689
"3152","budo1241","aust1307","Budong-Budong",-2.07756,119.327
"3169","buga1250","aust1307","Bugawac",-6.67519,147.32
"3172","bugh1239","aust1307","Bughotu",-8.47948,159.802
"3174","bugi1244","aust1307","Buginese",-4.47,119.977
"3186","buhi1243","aust1307","Buhi",13.17,123.5
"3188","buhi1245","aust1307","Buhid",12.6396,121.21
"3189","buhu1237","aust1307","Buhutu",-10.5074,150.18
"3198","buka1257","aust1307","Bukar-Sadung Bidayuh",0.96817,110.657
"3202","buka1261","aust1307","Bukat",1.29075,113.246
"3207","buki1247","aust1307","Bukit Malay",-2.75049,115.64
"3208","buki1248","aust1307","Bukitan",2.34947,114.895
"3236","buli1255","aust1307","Buli (Indonesia)",1.0008,128.443
"3249","bulu1253","aust1307","Bulu (Papua New Guinea)",-5.06134,150.101
"3267","buna1276","aust1307","Bunama",-10.0761,151.066
"3286","bung1269","aust1307","Bungku",-3.22197,122.212
"3302","bunu1267","aust1307","Bunun",23.4116,121.025
"3303","buol1237","aust1307","Buol",0.97727,121.519
"3321","bura1300","aust1307","Bura (Espiritu Santo)",-15.40319,166.67531
"3337","burm1263","aust1307","Burmbar",-16.41653,167.73124
"3350","buru1303","aust1307","Buru (Indonesia)",-3.43957,126.632
"3351","buru1304","aust1307","Burusu",3.36912,117.012
"3370","busa1254","aust1307","Busami",-1.73681,136.032
"3371","busa1255","aust1307","Busang Kayan",0.03494,115.401
"3376","bush1250","aust1307","Kibosy Kiantalaotsy-Majunga",-12.9652,45.1368
"3380","buso1238","aust1307","Busoa",-5.60524,122.622
"3387","butb1235","aust1307","Butbut Kalinga",17.2239,121.091
"3392","butm1237","aust1307","Farafi",-15.3353,167.034
"3396","butu1244","aust1307","Butuanon",8.87009,125.418
"3418","bwai1242","aust1307","Bwaidoka",-9.51158,150.297
"3429","bwan1241","aust1307","Bwanabwana",-10.6599,151.034
"3431","bwat1240","aust1307","Bwatoo",-21.3777,165.076
"3438","bwen1239","aust1307","Bwenelang",-16.338946,167.660849
"3452","caac1237","aust1307","Caac",-20.4114,164.578
"3461","cacg1235","aust1307","Cacgia Roglai",11.6489,109.138
"3501","cala1258","aust1307","Calamian Tagbanwa",12.0716,120.094
"3510","calu1238","aust1307","Caluyanun",12.0489,121.384
"3514","cama1250","aust1307","Camarines Norte Agta",14.1571,122.835
"3536","camp1262","aust1307","Campalagian",-3.47851,119.16863
"3567","capi1239","aust1307","Capiznon",11.4122,122.954
"3582","cari1276","aust1307","Caribbean Javanese",5.62695,-54.6305
"3596","caro1242","aust1307","Carolinian",15.205,145.765
"3609","casi1235","aust1307","Casiguran-Nagtipunan Agta",16.2176,121.878
"3645","cebu1242","aust1307","Cebuano",8.38799,124.367
"3655","cemu1238","aust1307","Cemuhî",-20.8489,165.13
"3744","cent2053","aust1307","South Barisan Malay",-3.79673,103.137
"3745","cent2058","aust1307","Central Maewo",-15.0784,168.135
"3756","cent2072","aust1307","Central Masela",-8.15414,129.865
"3758","cent2074","aust1307","Central Ngada",-8.6778,121.04764
"3765","cent2084","aust1307","Central Cagayan Agta",17.9571,121.857
"3766","cent2087","aust1307","Coastal-Naga Bikol",13.7574,123.403
"3768","cent2089","aust1307","Central Subanen",8.12701,123.018
"3769","cent2090","aust1307","Central Tagbanwa",10.6519,119.338
"3770","cent2091","aust1307","Central Palawano",8.77013,117.838
"3771","cent2092","aust1307","Central Sama",7.004574,118.455978
"3774","cent2098","aust1307","Central Berawan",3.97194,114.565
"3775","cent2100","aust1307","Kadazan Dusun",6.02998,116.681
"3776","cent2101","aust1307","Central Melanau",2.524086,111.346451
"3887","cent2292","aust1307","Central Bontoc",17.08,120.92
"4069","cham1312","aust1307","Chamorro",13.438011,144.74474
"4152","chek1238","aust1307","Cheke Holo",-8.27055,159.625
"4367","chru1239","aust1307","Chru",11.6625,108.529
"4410","chuu1238","aust1307","Chuukese",7.346993,151.598607
"4420","ciac1237","aust1307","Cia-Cia",-5.68289,122.791
"4435","cina1236","aust1307","Cinamiguin Manobo",9.1793,124.721
"4445","cire1240","aust1307","Cirebon Javanese",-6.74533,108.538
"4459","cjin1234","aust1307","Basilectal Colloquial Jakarta Indonesian",-6.277146,106.848088
"4481","coas1294","aust1307","Coastal Kadazan",5.77065,116.063
"4482","coas1295","aust1307","Coastal Konjo",-5.41532,120.304
"4532","coco1260","aust1307","Cocos Islands Malay",-12.193342,96.833679
"4546","coll1240","aust1307","Col",-3.52245,103.451
"4631","cota1241","aust1307","Cotabato Manobo",6.39417,124.234
"4719","cuyo1237","aust1307","Cuyonon",10.3201,119.3
"4733","daak1235","aust1307","Da'a Kaili",-1.21051,119.527
"4757","dadu1237","aust1307","Dadu'a",-8.486,125.8637
"4787","daii1240","aust1307","Dai",-7.55894,129.687
"4794","daka1243","aust1307","Dakaka",-16.2696,168.013
"4797","dakk1238","aust1307","Dakka",-3.33671,119.235
"4815","dalk1234","aust1307","Dalkalaen",-16.26246,167.93334
"4836","damb1246","aust1307","Dambi",-7.00587,146.474
"4845","damp1237","aust1307","Dampelas",0.70234,120.219
"4899","dara1251","aust1307","Daraga",13.17,123.5
"4922","daro1239","aust1307","Daro-Matu Melanau",2.54435,111.536
"4952","dava1245","aust1307","Davawenyo",7.22613,126.458
"4956","dawa1242","aust1307","Dawawa",-10.1692,149.999
"4958","dawe1237","aust1307","Dawera-Daweloor",-7.76324,130.06
"5015","dehu1237","aust1307","Dehu",-20.8892,167.229
"5025","dela1251","aust1307","Dela-Oenale",-10.8469,122.852
"5053","deng1252","aust1307","Dengalu",-7.0572,146.3598
"5054","deng1253","aust1307","Dengka",-10.7866,122.946
"5109","dhao1237","aust1307","Dhao",-10.8098,122.658
"5143","diba1242","aust1307","Dibabawon Manobo",7.85664,126.018
"5151","dica1235","aust1307","Dicamay Agta",17.8846,121.606
"5212","diod1237","aust1307","Diodio",-9.38654,150.168
"5240","dixo1238","aust1307","Dixon Reef",-16.3267,167.516
"5287","dobe1238","aust1307","Dobel",-6.32531,134.638
"5295","dobu1241","aust1307","Dobu",-9.63239,150.825
"5304","doga1238","aust1307","Doga",-9.63698,149.841
"5360","dond1249","aust1307","Dondo",0.80348,120.707
"5390","dori1246","aust1307","Dori'o",-9.11536,160.897
"5446","duan1242","aust1307","Duano",0.72162,103.46759
"5447","duau1237","aust1307","Duau",-10.187,151.218
"5469","duke1237","aust1307","Duke",-7.97768,157.064
"5486","dumb1241","aust1307","Dumbea",-22.0947,166.531
"5493","dump1242","aust1307","Dumpas",5.93483,117.419
"5509","dupa1235","aust1307","Dupaninan Agta",17.3748,122.188
"5513","duri1242","aust1307","Duri",-3.37081,119.871
"5519","dusn1237","aust1307","Dusner",-2.73859,134.391
"5520","dusu1267","aust1307","Dusun Witu",-1.57408,114.979
"5522","dusu1269","aust1307","Dusun Malang",-0.85277,115.392
"5524","dusu1271","aust1307","Dusun Deyah",-1.95514,115.578
"5549","duwe1237","aust1307","Duwet",-6.45752,146.841
"5742","east2440","aust1307","East Makian",0.07337,127.423
"5744","east2443","aust1307","East Ambae",-15.3523,167.89
"5747","east2447","aust1307","East Futuna",-14.278717,-178.137222
"5759","east2462","aust1307","East Masela",-8.13455,129.873
"5761","east2464","aust1307","Eastern Ngad'a",-8.82745,121.121
"5762","east2465","aust1307","East Tarangan",-6.76213,134.288
"5766","east2472","aust1307","East Damar",-7.16991,128.636
"5774","east2482","aust1307","Eastern Tawbuid",12.8968,121.177
"5775","east2485","aust1307","Eastern Penan",4.5915,114.584
"5776","east2486","aust1307","East Berawan",3.96098,114.606
"5842","east2563","aust1307","Eastern Cham",11.2853,108.49
"5868","east2694","aust1307","Eastern Subanen",8.2475,123.5234
"6038","east2881","aust1307","Eastern Bontok",17.08,121.17
"6212","eluu1241","aust1307","Elu",-1.99841,147.101
"6215","emae1237","aust1307","Emae",-17.052,168.399
"6221","emba1238","aust1307","Embaloh",1.3156,112.63
"6239","empl1237","aust1307","Emplawas",-8.03209,129.721
"6252","ende1246","aust1307","Ende",-8.70998,121.555
"6268","engg1245","aust1307","Enggano",-5.38846,102.245
"6285","enre1239","aust1307","Enrekang",-3.53848,119.66
"6314","eree1241","aust1307","Ere",-2.15569,147.083
"6328","erok1237","aust1307","Erokwanas",-2.83746,132.705
"6391","eton1255","aust1307","Eton (Vanuatu)",-17.74,168.549
"6444","faga1239","aust1307","Fagani",-10.4479,161.662
"6449","fair1238","aust1307","Faire Atta",17.9808,121.436
"6508","fata1245","aust1307","Fataleka",-8.59041,160.861
"6546","fiji1243","aust1307","Fijian",-18,178.33
"6555","fili1244","aust1307","Filipino",12.265,123.464
"6560","fina1242","aust1307","Eastern-Southern Bontok",17.0319,121.11
"6629","ford1242","aust1307","Fordata",-7.28902,131.511
"6642","fort1240","aust1307","Kiai",-15.4484,166.931
"6703","futu1245","aust1307","Futuna-Aniwa",-19.5303,170.215
"6708","fwai1237","aust1307","Fwâi",-20.6873,164.901
"6737","gada1258","aust1307","Ga'dang",17.2238,121.455
"6741","gadd1244","aust1307","Gaddang",16.5468,121.177
"6782","gale1257","aust1307","Galeya",-9.54137,150.836
"6807","galo1243","aust1307","Galoli-Talur",-8.61074,125.959
"6853","gana1277","aust1307","Gana",5.57583,116.145
"6865","gane1237","aust1307","Gane",-0.42618,127.976
"6888","gaoo1237","aust1307","Gao",-8.35163,159.789
"6890","gapa1238","aust1307","Gapapaiwa",-9.73317,149.854
"6972","gayo1244","aust1307","Gayo",4.3733,97.3456
"7054","gebe1237","aust1307","Gebe",-0.07877,129.424
"7057","geda1237","aust1307","Gedaged",-5.18175,145.781
"7074","gela1263","aust1307","Gela",-9.04587,160.186
"7118","gese1240","aust1307","Geser-Gorom",-3.8016,130.701
"7131","ghan1242","aust1307","Ghanongga",-8.02035,156.552
"7136","ghar1239","aust1307","Ghari",-9.4791,159.917
"7140","ghay1237","aust1307","Ghayavi",-10.011,149.84
"7162","gian1241","aust1307","Giangan",6.99967,125.359
"7186","gilb1244","aust1307","Gilbertese",0.179,173.64
"7195","gimi1242","aust1307","Gimi (West New Britain)",-6.02464,149.478
"7226","gitu1237","aust1307","Gitua",-6.0151,147.485
"7301","gone1237","aust1307","Gone Dau",-16.5886,178.599
"7318","gora1261","aust1307","Gorap",2.13058,128.261
"7319","gora1262","aust1307","Gorakor",-6.85564,146.579
"7339","goro1259","aust1307","Gorontalo",0.62689,122.288
"7564","gula1270","aust1307","Gula'alaa",-8.74742,161.023
"7584","guma1254","aust1307","Gumawana",-9.28497,150.762
"7625","gura1254","aust1307","Guramalum",-4.26666,152.933
"7716","gwed1239","aust1307","Gweda",-10.2173,150.421
"7748","habu1241","aust1307","Habu",-8.76565,125.965
"7763","haek1239","aust1307","Haeke",-21.0735,164.869
"7774","haho1237","aust1307","Hahon",-5.59031,154.801
"7776","haig1237","aust1307","Haigwai",-10.2741,150.256
"7794","haji1235","aust1307","Haji",-5.07781,104.714
"7803","hako1237","aust1307","Hakö",-5.06832,154.594
"7816","hali1244","aust1307","Halia",-5.26603,154.662
"7862","hano1246","aust1307","Hano",-15.5432,168.167
"7868","hanu1241","aust1307","Hanunoo",12.4159,121.221
"7890","haro1237","aust1307","Haroi",13.2201,108.995
"7894","haru1244","aust1307","Haruku",-3.57029,128.476
"7944","have1241","aust1307","Haveke",-21.0249,164.753
"7948","hawa1245","aust1307","Hawaiian",19.6297,-155.43
"7989","helo1243","aust1307","Helong",-10.2647,123.377
"8007","herm1237","aust1307","Hermit",-1.52891,145.075
"8031","higa1237","aust1307","Higaonon",8.61202,125.071
"8038","high1275","aust1307","Highland Konjo",-5.26559,119.928
"8058","hili1240","aust1307","Hiligaynon",10.4018,122.974
"8099","hitu1239","aust1307","Hitu",-3.57478,128.186
"8102","hiww1237","aust1307","Hiw",-13.126367,166.584857
"8133","hmwa1243","aust1307","Hmwaveke",-20.9246,164.768
"8137","hoav1238","aust1307","Hoava",-8.19679,157.595
"8213","hote1245","aust1307","Hote",-7.07708,146.869
"8214","hoti1237","aust1307","Hoti of East Seram",-3.0083,130.168
"8218","hovo1239","aust1307","Hobongan",0.9841,113.897
"8266","huau1237","aust1307","Huaulu",-2.95835,129.202
"8295","huku1237","aust1307","Hukumina",-3.274,126.194
"8296","hula1239","aust1307","Hula",-9.99427,147.705
"8303","hulu1246","aust1307","Hulung",-2.87389,128.587
"8376","iaai1238","aust1307","Iaai",-20.6301,166.59
"8379","iama1237","aust1307","Iamalele",-9.45005,150.573
"8392","ibal1244","aust1307","Ibaloi",16.4263,120.695
"8396","iban1264","aust1307","Iban",2.09041,112.934
"8398","iban1267","aust1307","Ibanag",17.4201,121.891
"8404","ibat1238","aust1307","Ibatan",18.9398,121.909
"8433","idaa1241","aust1307","Ida'an",5.29059,118.515
"8440","idat1237","aust1307","Idaté",-8.76258,125.832
"8455","idun1242","aust1307","Iduna",-9.34361,150.24
"8460","ifoo1237","aust1307","Ifo",-18.7668,169.007
"8560","ilea1237","aust1307","Ile Ape",-8.38636,123.442
"8563","ilia1236","aust1307","Ilianen Manobo",7.34448,124.766
"8571","iliu1237","aust1307","Ili'uun",-7.84385,125.902
"8577","ilok1237","aust1307","Iloko",15.9361,120.993
"8578","ilon1239","aust1307","Ilongot",16.3785,121.547
"8615","imro1237","aust1307","Imroing",-7.96772,129.651
"8619","inab1237","aust1307","Inabaknon",12.4264,124.166
"8638","indo1316","aust1307","Standard Indonesian",-7.33458,109.716
"8639","indo1317","aust1307","Indonesian Bajau",-3.68664,122.253
"8677","inla1260","aust1307","Inlaod Itneg",17.61752,120.65389
"8697","inon1237","aust1307","Inonhan",12.284,122.03
"8748","iran1262","aust1307","Iranun",4.3362,118.224
"8758","irar1238","aust1307","Irarutu",-2.94438,133.586
"8759","iray1237","aust1307","Iraya",13.381,120.65
"8761","ires1239","aust1307","Yerisiam",-3.62803,135.025
"8763","irig1242","aust1307","Iriga Bicolano",13.3896,123.331
"8790","isar1235","aust1307","Isarog Agta",13.651,123.332
"8802","isin1239","aust1307","Isinai",16.3299,121.12
"8820","isna1241","aust1307","Isnag",18.2139,121.16
"8857","itaw1240","aust1307","Itawit",17.7329,121.58
"8890","ivat1242","aust1307","Itbayat",20.77,121.85
"8901","iwak1237","aust1307","I-Wak",16.30448,120.78633
"8902","iwal1237","aust1307","Iwal",-7.20938,146.983
"8981","jaku1244","aust1307","Jakun",2.64582,103.342
"8998","jamb1236","aust1307","Jambi Malay",-2.6469,103.13
"9022","jang1257","aust1307","Jangkang",0.29738,110.647
"9040","jara1266","aust1307","Jarai",13.6161,107.813
"9066","java1254","aust1307","Javanese",-7.001,109.287
"9072","jawe1237","aust1307","Jawe",-20.6648,164.676
"9395","kada1286","aust1307","Kadai",-1.74547,125.142
"9432","kaga1255","aust1307","Kagan Kalagan",7.10698,125.61
"9433","kaga1256","aust1307","Kagayanen",10.4656,119.872
"9453","kahu1241","aust1307","Kahua",-10.6963,162.191
"9458","kaib1244","aust1307","Kaibobo",-3.1603,128.211
"9459","kaid1239","aust1307","Kaidipang",0.85641,123.217
"9461","kaie1237","aust1307","Kaiep",-3.70524,143.884
"9474","kaim1241","aust1307","Kaimbulawa",-5.65447,122.538
"9491","kair1263","aust1307","Kairiru",-3.34608,143.558
"9493","kair1265","aust1307","Kairui-Midiki",-8.74034,126.059
"9511","kaja1250","aust1307","Kajaman",2.78613,113.886
"9528","kaka1267","aust1307","Kakabai",-10.2976,150.027
"9562","kala1388","aust1307","Kalagan",6.8126,125.328
"9565","kala1391","aust1307","Kalabakan",4.53605,117.317
"9568","kala1394","aust1307","Kalao",-7.31213,120.995
"9626","kalu1247","aust1307","Kalumpang",-2.33388,119.474
"9641","kama1362","aust1307","Kamarian",-3.40779,128.526
"9642","kama1363","aust1307","Kamayo",8.10796,126.314
"9643","kama1364","aust1307","Kamaru",-5.15696,123.045
"9662","kamb1299","aust1307","Kambera",-9.88447,120.235
"9725","kana1286","aust1307","Kanakanavu",23.3235,120.887
"9746","kand1301","aust1307","Kandas",-4.3652,152.781
"9764","kang1289","aust1307","Kangean",-7.98335,112.968
"9775","kani1281","aust1307","Kaninuwa",-9.23148,150.253
"9776","kani1282","aust1307","Kaniet",-1.51777,145.086
"9777","kani1283","aust1307","Kaniet-Dempwolff",-0.892611,145.543794
"9786","kank1243","aust1307","Kankanaey",16.8548,120.689
"9797","kano1244","aust1307","Kanowit-Tanjong Melanau",2.03781,112.383
"9832","kapi1249","aust1307","Kapingamarangi",1.039166,154.797223
"9833","kapi1250","aust1307","Kapin",-7.05732,146.529
"9839","kapp1237","aust1307","Kap",-3.28761,142.659
"9842","kapt1235","aust1307","Kaptiau",-2.388426,139.795818
"9885","kara1486","aust1307","Kara (Papua New Guinea)",-2.81957,151.111
"9886","kara1487","aust1307","Karao",16.5655,120.956
"9888","kara1489","aust1307","Mandaya",7.50481,126.409
"9923","kare1339","aust1307","Karey",-6.74181,134.375
"9955","karn1252","aust1307","Karnai",-5.74133,147.917
"9964","karo1298","aust1307","Karore",-6.15563,149.907
"9965","karo1299","aust1307","Northern Binukidnon",9.992,122.816
"10008","kasi1256","aust1307","Kasiguranin",16.1881,122.118
"10029","katb1237","aust1307","Avava",-16.2701,167.484
"10074","kaul1240","aust1307","Kaulong",-6.08192,149.696
"10079","kaur1269","aust1307","Kaur",-4.6251,103.512
"10087","kava1241","aust1307","Kavalan",24.6947,121.645
"10107","kawe1240","aust1307","Kawe",-0.17313,130.327
"10110","kawi1241","aust1307","Kawi",-7,111
"10124","kaya1320","aust1307","Kayapa Kallahan",16.321,120.9
"10125","kaya1324","aust1307","Kayan Mahakam",0.91787,114.452
"10126","kaya1325","aust1307","Kayan River Kayan",1.78269,115.827
"10138","kaye1241","aust1307","Kayeli",-3.39247,127.118
"10148","kayu1243","aust1307","Kayupulau",-2.54415,140.626
"10156","kazu1245","aust1307","Kazukuru",-8.23886,157.687
"10160","keap1239","aust1307","Keapara",-10.1342,147.95
"10176","keda1251","aust1307","Kedah-Perak Malay",5.933,100.492
"10177","keda1252","aust1307","Kedang",-8.23039,123.77
"10195","keii1239","aust1307","Kei",-5.63948,133.02
"10204","kela1255","aust1307","Kela (Papua New Guinea)",-7.47103,147.173
"10207","kela1258","aust1307","Kelabit",3.31783,115.428
"10215","kele1258","aust1307","Kele (Papua New Guinea)",-2.09163,147.064
"10216","kele1259","aust1307","Keley-i Kallahan",16.7099,121.035
"10230","kema1243","aust1307","Kemak",-9.00299,125.159
"10233","kemb1249","aust1307","Mateq",0.66181,110.468
"10249","kend1254","aust1307","Kendayan-Belangin",1.47957,109.467
"10257","keni1248","aust1307","Keninjal",-0.63184,111.808
"10258","keni1249","aust1307","Keningau Murut",5.42272,116.198
"10282","keoo1238","aust1307","Kéo",-8.8704,121.256
"10285","kepo1237","aust1307","Kepo'",-8.603241,120.775273
"10297","kere1285","aust1307","Kereho",0.64649,113.644
"10304","keri1250","aust1307","Kerinci",-1.93668,101.403
"10325","keta1243","aust1307","Ketangalan",25.0257,121.425
"10429","kheh1237","aust1307","Khehek",-2.06626,146.746
"10568","kili1267","aust1307","Kilivila",-8.72574,151.072
"10576","kima1244","aust1307","Kimaragang",6.61982,116.96
"10595","kina1250","aust1307","Kinaray-a",10.8131,122.297
"10597","kina1252","aust1307","Kinabalian",10.2589,125.2217
"10621","kiok1239","aust1307","Kioko",-4.99012,122.951
"10634","kipu1237","aust1307","Kiput",4.16535,114.367
"10662","kisa1266","aust1307","Kisar",-8.05122,127.18
"10679","kiss1246","aust1307","Kis",-3.83909,143.96
"10732","klia1235","aust1307","Klias River Kadazan",5.39453,115.582
"10742","koba1240","aust1307","Koba",-6.47901,134.61
"10766","kode1237","aust1307","Kodeoha",-3.39566,120.937
"10768","kodi1247","aust1307","Kodi",-9.6373,119.114
"10793","kohi1250","aust1307","Kohin",-1.43973,111.905
"10826","koko1269","aust1307","Kokota",-8.16481,159.191
"10833","kola1285","aust1307","Kola",-5.48833,134.592
"10848","koli1253","aust1307","Kolibugan Subanon",7.77212,122.567
"10864","kolu1245","aust1307","Koluwawa",-9.42742,150.462
"10885","kome1238","aust1307","Komering",-3.79215,105.107
"10901","komo1261","aust1307","Komodo",-8.64518,119.477
"10906","komp1237","aust1307","Kompane",-5.64348,134.742
"10967","kono1269","aust1307","Konomala",-4.16184,152.87
"11044","koro1308","aust1307","Koro-Olrat",-14.2943,167.467
"11045","koro1309","aust1307","Lopohan",-2.03429,147.143
"11046","koro1310","aust1307","Koronadal Blaan",6.20529,125.007
"11047","koro1311","aust1307","Koroni",-2.6367,121.977
"11082","kosr1238","aust1307","Kosraean",5.31,162.98
"11091","kota1275","aust1307","Kota Bangun Kutai Malay",-0.27049,116.297
"11094","kota1278","aust1307","Kota Marudu Tinagas",6.377,116.946
"11095","kota1279","aust1307","Kota Marudu Talantang",6.48554,116.853
"11127","kove1237","aust1307","Kove",-5.58623,149.63
"11130","kowi1239","aust1307","Kowiai",-4.21954,133.468
"11232","kuan1248","aust1307","Kuanua",-4.30986,152.114
"11251","kubu1239","aust1307","Kubu",-2.42661,102.193
"11278","kuij1237","aust1307","Kuijau",5.47179,116.108
"11335","kuli1254","aust1307","Kulisusu",-4.58411,123.045
"11341","kulo1237","aust1307","Pazeh-Kahabu",23.7562,120.976
"11342","kulo1238","aust1307","Kulon",25.00238,121.32473
"11352","kuma1276","aust1307","Nêlêmwa-Nixumwak",-20.4035,164.193
"11354","kuma1278","aust1307","Kumalu",-7.1135,146.57
"11370","kumb1274","aust1307","Kumbewaha",-5.34485,123.154
"11415","kuni1263","aust1307","Kuni",-8.66368,146.874
"11438","kupa1239","aust1307","Kupang Malay",-10.2526,123.63
"11458","kuri1260","aust1307","Nabi",-2.80683,134.098
"11472","kurr1245","aust1307","Kur",-5.34077,131.986
"11476","kurt1250","aust1307","Kurti",-2.01187,147.036
"11484","kuru1305","aust1307","Kurudu",-1.8444,137.018
"11493","kusa1251","aust1307","Kusaghe-Njela",-8.04056,157.463
"11558","kwai1243","aust1307","Kwaio",-8.93744,160.965
"11581","kwam1252","aust1307","Kwamera",-19.5954,169.442
"11598","kwar1239","aust1307","Kwara'ae",-8.75779,160.804
"11686","labe1239","aust1307","Label",-4.46971,152.678
"11693","labo1244","aust1307","Ninde",-16.4291,167.442
"11697","labu1248","aust1307","Labu",-6.75,146.903
"11698","labu1249","aust1307","Labuk-Kinabatangan Kadazan",5.51924,117.507
"11731","lagh1246","aust1307","Laghu",-8.00509,158.961
"11741","laha1251","aust1307","Laha (Indonesia)",-3.70755,128.073
"11743","laha1253","aust1307","Lahanan",2.72734,113.947
"11769","laiy1246","aust1307","Laiyolo",-6.45512,120.483
"11778","laka1255","aust1307","Lakalei",-8.86372,125.716
"11798","lako1245","aust1307","Lakon",-14.29899,167.429382
"11803","laku1238","aust1307","Lakuramau",-2.883333,151.25
"11811","lala1268","aust1307","Lala",-8.93195,146.749
"11827","lama1277","aust1307","Lamaholot",-8.36439,122.803
"11828","lama1278","aust1307","Peripheral Lembata",-8.53225,123.442
"11829","lama1279","aust1307","Lamatuka",-8.39374,123.586
"11849","lamb1273","aust1307","Lamboya",-9.70434,119.344
"11859","lame1260","aust1307","Lamenu",-16.6098,168.171
"11877","lamo1244","aust1307","Lamogai",-5.87071,149.321
"11881","lamp1242","aust1307","Lampung Nyo",-4.43957,105.397
"11882","lamp1243","aust1307","Lampung Api",-5.73463,105.037
"11890","lana1236","aust1307","Lanas Lobu",5.39196,116.577
"11960","lapu1236","aust1307","Lapuyan Subanun",7.53449,123.13
"11963","lara1260","aust1307","Larantuka Malay",-8.4746,122.7619
"11969","lare1249","aust1307","Larevat",-16.1971,167.387
"11974","lari1255","aust1307","Larike-Wakasihu",-3.76522,127.956
"11979","lasa1237","aust1307","Lasalimu",-5.23602,123.129
"12008","latu1237","aust1307","Latu",-3.41302,128.667
"12013","laua1243","aust1307","Lauan",-18.2131,-178.785
"12016","lauj1238","aust1307","Lauje",0.50708,120.262
"12021","laur1249","aust1307","Laura",-9.4296,119.19
"12025","lauu1247","aust1307","Lau",-8.51018,160.872
"12028","lava1239","aust1307","Lavatbura-Lamusong",-3.21903,151.728
"12035","lawa1257","aust1307","Lawangan",-1.80261,115.876
"12043","lawu1237","aust1307","Lawunuia",-6.15201,155.129
"12069","ledo1238","aust1307","Ledo Kaili",-1.03033,120.132
"12086","lege1241","aust1307","Legenyem",-0.3592,130.749
"12090","leha1243","aust1307","Lehali",-13.5043,167.332
"12091","leha1244","aust1307","Lehalurup",-13.542726,167.343342
"12095","leip1237","aust1307","Leipon",-1.9665,147.226
"12106","lela1246","aust1307","Lelak",4.11426,114.029
"12112","lele1267","aust1307","Lelepa",-17.6042,168.202
"12115","lele1270","aust1307","Lele (Papua New Guinea)",-2.04783,147.207
"12130","leme1238","aust1307","Lemerig",-13.739697,167.420676
"12139","lemo1243","aust1307","Lemolang",-2.63313,120.27
"12143","lena1238","aust1307","Lenakel",-19.4763,169.261
"12151","leng1259","aust1307","Lengo",-9.56425,160.42
"12152","leng1260","aust1307","Lengilu",3.69641,115.91
"12163","lenk1247","aust1307","Lenkau",-2.33367,147.742
"12190","lesi1239","aust1307","Lesing-Gelimi",-6.19889,150.506
"12198","lete1241","aust1307","Letemboi-Repanbitip",-16.4339,167.566
"12202","leti1246","aust1307","Leti (Indonesia)",-8.19808,127.674
"12207","levu1239","aust1307","Central Lembata-Lewokukun",-8.47094,123.44
"12211","lewo1242","aust1307","Lewo",-16.7612,168.334
"12212","lewo1243","aust1307","Lewo Eleng",-8.35741,123.652
"12213","lewo1244","aust1307","Lewotobi",-8.54573,122.747
"12232","liab1237","aust1307","Liabuku",-5.32268,122.699
"12239","lian1255","aust1307","Liana-Seti",-3.11832,129.899
"12256","libo1242","aust1307","Libon",13.17,123.5
"12273","lihi1237","aust1307","Lihir",-3.18895,152.606
"12279","liki1241","aust1307","Liki",-1.60652,138.731
"12287","liku1243","aust1307","Likum",-2.16157,146.695
"12313","limo1248","aust1307","Limos Kalinga",17.6081,121.381
"12324","lind1248","aust1307","Tado-Lindu",-1.35748,120.063
"12331","ling1265","aust1307","Neverver",-16.1986,167.499
"12342","lioo1240","aust1307","Li'o",-8.68615,121.832
"12357","lisa1239","aust1307","Lisabata-Nuniali",-2.87434,128.265
"12360","lise1239","aust1307","Lisela",-3.27358,126.981
"12383","litz1237","aust1307","Naman",-16.1331,167.415
"12462","lola1248","aust1307","Lola",-6.34188,134.879
"12464","lola1250","aust1307","Lolak",0.85544,124.117
"12467","lole1239","aust1307","Lole",-10.8069,123.085
"12485","loma1261","aust1307","Lomaiviti",-18.0001,179.306
"12506","lonc1237","aust1307","Loncong",-0.02586,103.548
"12530","long1395","aust1307","Longgu",-9.75258,160.663
"12541","long1406","aust1307","Western Lowland Kenyah",3.85226,114.82
"12561","loni1238","aust1307","Loniu",-2.06124,147.35
"12563","lonw1238","aust1307","Lonwolwol",-16.2286,168.016
"12575","lora1237","aust1307","Lorang",-6.30338,134.41
"12577","lore1244","aust1307","Nethalp",-15.334763,167.166325
"12588","lote1237","aust1307","Lote",-5.954,150.911
"12594","loto1240","aust1307","Lo-Toga",-13.334872,166.634338
"12597","lotu1250","aust1307","Lotud",6.13732,116.232
"12603","loun1239","aust1307","Loun",-2.8778,128.912
"12610","louu1245","aust1307","Lou",-2.38659,147.346
"12644","lowe1412","aust1307","Tanudan Kalinga",17.3441,121.311
"12723","luan1263","aust1307","Luang",-8.18378,127.944
"12734","lubu1241","aust1307","Lubu",0.63989,99.74549
"12736","lubu1243","aust1307","Lubuagan Kalinga",17.3879,121.0365
"12756","luhu1243","aust1307","Luhu-Piru",-3.13187,127.966
"12800","lund1271","aust1307","Lundayeh",4.25064,115.5
"12807","lung1249","aust1307","Lungga",-8.17469,156.573
"12841","lusi1240","aust1307","Lusi",-5.55033,149.148
"12901","maan1238","aust1307","Ma'anyan",-2.1239,115.092
"12914","maba1278","aust1307","Maba (Indonesia)",0.59011,128.418
"12915","maba1279","aust1307","Mabaka Valley Kalinga",17.6683,121.073
"12969","mada1285","aust1307","Madak",-3.34342,151.967
"12979","made1253","aust1307","Salawati",-1.05325,130.833
"12999","madu1248","aust1307","Madukayang Kalinga",17.1794,121.236
"13001","maee1241","aust1307","Tirax",-15.9914,167.288
"13003","maen1235","aust1307","Maeng Itneg",17.2453,120.718
"13010","mafe1237","aust1307","Mafea",-15.4316,167.241
"13016","maga1263","aust1307","Mag-Anchi Ayta",15.1954,120.459
"13017","maga1264","aust1307","Southern Binukidnon",9.49196,122.769
"13028","magi1241","aust1307","Mag-Indi Ayta",14.9617,120.182
"13034","mago1248","aust1307","Magori",-10.2321,149.26
"13039","magu1243","aust1307","Maguindanao",6.9453,124.509
"13056","maha1309","aust1307","Mahafaly-Antanalana Malagasy",-24.2,44.5
"13070","maia1251","aust1307","Maiadomu",-9.47132,150.76
"13077","maii1238","aust1307","Maii",-16.7388,168.211
"13087","main1275","aust1307","Usun Apau Kenyah",3.42975,116.47431
"13100","mais1250","aust1307","Maisin",-9.22853,148.731
"13107","maiw1249","aust1307","Maiwala",-10.3282,150.33
"13108","maiw1250","aust1307","Maiwa (Indonesia)",-3.59444,119.978
"13130","maka1305","aust1307","Makassar Malay",-5.16108,119.408
"13136","maka1311","aust1307","Makasar",-5.65551,119.838
"13182","maku1277","aust1307","Maku'a",-8.40372,127.239
"13213","mala1479","aust1307","Central Malay",1.85856,103
"13214","mala1480","aust1307","Malayic Dayak",-2.78384,111.136
"13215","mala1481","aust1307","Manado Malay",1.48099,124.843
"13216","mala1482","aust1307","Malaccan Creole Malay",2.20265,102.240488
"13218","mala1484","aust1307","Malango",-9.61383,160.118
"13220","mala1487","aust1307","Malasanga",-5.9401,147.058
"13222","mala1489","aust1307","Malalamai",-5.77495,146.642
"13223","mala1491","aust1307","Malay Aklanon",11.8564,121.919
"13232","mala1534","aust1307","Malaweg",17.844833,121.391322
"13256","male1289","aust1307","Maleu-Kilenge",-5.61613,148.445
"13262","malf1237","aust1307","Na'ahai",-16.5499,167.509
"13275","mali1283","aust1307","Malimpung",-3.6996,119.76
"13286","malo1243","aust1307","Tamambo",-15.6835,167.16
"13288","malo1245","aust1307","Malol",-3.11695,142.244
"13297","malu1245","aust1307","Malua-Tepërav",-15.9813,167.208
"13314","mama1275","aust1307","Minamanwa",9.44744,125.548
"13315","mama1276","aust1307","Mamasa",-3.0811,119.484
"13327","mamb1305","aust1307","Mamboru",-9.42302,119.55
"13328","mamb1306","aust1307","Mambae",-9.19552,125.475
"13349","mamu1254","aust1307","Mamusi",-5.84776,151.033
"13350","mamu1255","aust1307","Mamuju",-2.50762,119.082
"13363","mana1295","aust1307","Manam",-4.07921,145.033
"13407","mand1440","aust1307","Mandara",-2.7828,151.956
"13408","mand1442","aust1307","Mandar",-3.34717,119.068
"13458","mang1401","aust1307","Mangareva",-23.1095,-134.97
"13460","mang1403","aust1307","Mangseng",-5.89752,150.68
"13461","mang1404","aust1307","Mangga Buang",-6.99891,146.685
"13462","mang1405","aust1307","Manggarai",-8.55748,120.329
"13465","mang1408","aust1307","Mangole",-1.87941,125.822
"13491","mani1297","aust1307","Manipa",-3.30342,127.565
"13519","mano1275","aust1307","Manombai",-5.94468,134.329
"13526","mans1262","aust1307","Mansaka",6.79221,126.181
"13539","manu1258","aust1307","Manusela",-3.1109,129.429
"13568","maor1246","aust1307","Maori",-38.2881,176.541
"13575","mapi1250","aust1307","Mapia",0.908889,134.304722
"13579","mapo1242","aust1307","Mapos Buang",-6.86672,146.774
"13587","mapu1244","aust1307","Mapun",6.09061,118.75
"13613","mara1397","aust1307","Marau",-1.66738,135.797
"13615","mara1399","aust1307","Maragus",-16.0695,167.33
"13619","mara1404","aust1307","Maranao",7.79414,124.175
"13676","mari1426","aust1307","Sunwadia",-14.970047,168.057941
"13678","mari1428","aust1307","Marik",-5.349,145.59
"13679","mari1429","aust1307","Mari (Madang Province)",-5.97399,145.828
"13680","mari1430","aust1307","Mariri",-6.15097,134.88107
"13709","maro1244","aust1307","Marovo",-8.37943,157.747
"13729","mars1254","aust1307","Marshallese",8.72,167.73
"13761","masa1307","aust1307","Masadiit Itneg",17.4501,120.829
"13773","masb1237","aust1307","Masbate Sorsogon",12.8438,124.002
"13774","masb1238","aust1307","Masbatenyo",12.21453,123.63579
"13795","masi1265","aust1307","Masimasi",-2.00717,139.04
"13796","masi1266","aust1307","Masiwang",-3.29547,130.601
"13798","masi1268","aust1307","Masikoro Malagasy",-22.5582,43.8156
"13804","mask1242","aust1307","Maskelynes",-16.5073,167.818
"13834","matb1237","aust1307","Matbat",-1.8801,130.075
"13846","mati1250","aust1307","Matigsalug Manobo",7.72124,125.16
"13857","mato1252","aust1307","Mato",-5.91639,146.859
"13869","matu1261","aust1307","Matukar",-4.9078,145.779
"13914","maya1282","aust1307","Misool-Salawati Ma'ya",-1.22329,130.909
"13931","mayo1262","aust1307","Mayoyao Ifugao",16.9984,121.29
"14076","mbul1263","aust1307","Mbula",-5.66965,148.041
"14095","meaa1237","aust1307","Mea",-21.4939,165.771
"14104","mede1237","aust1307","Medebur",-4.49918,145.425
"14147","meke1243","aust1307","Mekeo",-8.23853,146.586
"14164","mele1250","aust1307","Mele-Fila",-17.6841,168.275
"14190","mend1267","aust1307","Mendalam Kayan",0.98794,113.286
"14198","meng1267","aust1307","Mengen",-5.47036,151.373
"14213","ment1249","aust1307","Mentawai",-1.41092,98.9401
"14215","ment1251","aust1307","Menterap",-0.293181,110.670512
"14221","meos1237","aust1307","Meoswar",-2.07828,134.378
"14224","mera1242","aust1307","Meramera",-4.97468,151.528
"14231","mere1242","aust1307","Merei",-15.2839,166.905
"14239","merl1237","aust1307","Merlav",-14.450679,168.053527
"14334","midd1327","aust1307","Middle Watut",-6.88249,146.399126
"14442","mina1268","aust1307","Minangkabau",-0.896,100.44
"14443","mina1269","aust1307","Minaveha",-9.59922,150.501
"14459","mind1255","aust1307","Mindiri",-5.5,146.15
"14474","mini1251","aust1307","Minigir",-4.31803,152.005
"14491","mino1243","aust1307","Minokok",5.43348,116.759
"14534","misi1243","aust1307","Misima-Paneati",-10.6821,152.696
"14560","miuu1237","aust1307","Miu",-5.88037,149.557
"14631","moda1244","aust1307","Modang",0.80793,116.573
"14691","moke1240","aust1307","Mokerang",-2.01602,147.423
"14693","moke1242","aust1307","Moken",10.1474,98.6765
"14694","moki1238","aust1307","Mokilese",6.65651,159.776
"14699","mokl1243","aust1307","Moklen",8.16761,98.3176
"14711","molb1237","aust1307","Molbog",7.956663,117.030502
"14721","moli1248","aust1307","Molima",-9.57457,150.614
"14737","moma1242","aust1307","Moma",-1.4313,120.009
"14755","mond1265","aust1307","Mondropolon",-2.01359,146.931
"14774","mong1342","aust1307","Mongondow",0.64616,124.114
"14797","mono1273","aust1307","Mono-Alu",-7.05102,155.76
"14843","mori1267","aust1307","Moriori",-44,-176.5
"14844","mori1268","aust1307","Mori Bawah",-2.56016,121.37
"14845","mori1269","aust1307","Mori Atas",-2.2555,121.035
"14853","morm1235","aust1307","Mor (Mor Islands)",-2.87055,135.95
"14860","moro1286","aust1307","Ande",-15.3498,166.891
"14861","moro1287","aust1307","Moronene",-4.62361,121.824
"14870","mort1237","aust1307","Mortlockese",5.50735,153.710778
"14888","mota1237","aust1307","Mota",-13.835361,167.690924
"14892","motl1237","aust1307","Mwotlap",-13.655015,167.706277
"14896","motu1246","aust1307","Motu",-9.67492,147.424
"14899","mouk1239","aust1307","Mouk-Aria",-5.71155,149.158
"14916","moya1235","aust1307","Moyadan Itneg",17.4232,120.702
"14948","mpot1241","aust1307","Mpotovoro",-15.8988,167.232
"14967","mtir1235","aust1307","Mt. Iriga Agta",13.4566,123.463
"14968","mtir1236","aust1307","Mt. Iraya Agta",13.4588,123.552
"14971","mual1241","aust1307","Mualang",0.31083,111.077
"14987","mudu1242","aust1307","Muduapa",-4.69751,149.489
"15044","muna1247","aust1307","Muna",-5.40419,122.541
"15069","mung1269","aust1307","Munggui",-1.66773,135.918
"15109","muri1259","aust1307","Murik (Malaysia)",3.7519,114.434
"15116","murp1234","aust1307","Mur Pano",-5.6642,146.522
"15148","musi1241","aust1307","Musi",-2.93987,103.945
"15156","muso1238","aust1307","Musom",-6.53817,146.93
"15161","muss1246","aust1307","Mussau-Emira",-1.44105,149.624
"15173","mutu1242","aust1307","Mutu",-5.79405,148.014
"15180","muyu1244","aust1307","Muyuw",-9.195,152.731
"15204","mwat1237","aust1307","Mwatebu",-10.0271,151.066
"15263","nafi1237","aust1307","Nafi",-6.43306,146.815
"15280","nage1237","aust1307","Nage",-8.70513,121.31
"15323","naji1240","aust1307","Najit",-15.95455,167.19801
"15328","naka1262","aust1307","Nakanai",-5.59931,150.888
"15329","naka1263","aust1307","Naka'ela",-2.85543,128.516
"15354","nali1244","aust1307","Nalik",-2.94411,151.332
"15355","nali1245","aust1307","Nali",-2.14273,147.202
"15356","nalo1235","aust1307","Nalögo",-10.8,165.8
"15365","nama1268","aust1307","Namakura",-16.8979,168.569
"15393","namo1247","aust1307","Namonuito",8.584627,149.685202
"15394","namo1248","aust1307","Namosi-Naitasiri-Serua",-18.5308,177.637
"15404","namu1249","aust1307","Namut-Nginamanu",-8.578948,120.975435
"15424","nang1262","aust1307","Nanggu",-10.7441,165.887
"15454","napu1241","aust1307","Napu",-1.43707,120.338
"15459","nara1263","aust1307","Narango",-15.5259,167.047
"15468","naro1251","aust1307","Narom",4.42115,114.011
"15480","nasa1239","aust1307","Nasal",-4.8652,103.5719
"15481","nasa1240","aust1307","Nasarian",-16.3497,167.414
"15493","nasv1234","aust1307","Nasvang",-16.458173,167.639563
"15498","nata1254","aust1307","Northern Amis",23.9386,121.59
"15506","nati1244","aust1307","Nati",-16.468709,167.496054
"15509","natu1246","aust1307","Natügu",-10.6771,165.835
"15514","naue1237","aust1307","Nauete",-8.70733,126.741
"15518","naun1237","aust1307","Nauna",-2.21213,148.201
"15520","naur1243","aust1307","Nauru",-0.52957,166.922
"15525","navu1237","aust1307","Navut",-15.3169,166.798
"15526","navw1234","aust1307","Navwien",-16.502947,167.554419
"15660","nege1240","aust1307","Negeri Sembilan Malay",2.66503,102.291
"15670","neha1247","aust1307","Nehan",-4.56875,154.2
"15681","neku1237","aust1307","Neku",-21.6524,165.578
"15686","nemi1240","aust1307","Nemi",-20.6791,164.797
"15691","neng1238","aust1307","Nengone",-21.5305,167.964
"15709","nese1235","aust1307","Nese",-15.952608,167.222769
"15726","newc1244","aust1307","New Caledonian Javanese",-22.3001,166.445
"15755","ngad1261","aust1307","Ngad'a",-8.79508,120.976
"15760","ngaj1237","aust1307","Ngaju",-1.58463,112.794
"15869","ngga1239","aust1307","Garo (Sumba)",-9.71011,119.25403
"15950","ngul1236","aust1307","Nguluwan",8.45,137.34
"16002","nias1242","aust1307","Nias",0.90691,97.4961
"16043","nila1244","aust1307","Nila",-6.734956,129.512131
"16057","nimo1246","aust1307","Nimoa",-11.2297,153.158
"16111","nisv1234","aust1307","Nisvai",-16.41306,167.785556
"16114","niti1249","aust1307","Nitita",-16.2,167.46
"16117","niua1240","aust1307","Niuafo'ou",-15.6014,-175.64
"16118","niua1241","aust1307","Niuatoputapu",-15.957686,-173.778333
"16119","niue1239","aust1307","Niuean",-19.06,-169.86
"16121","niva1239","aust1307","Nivat",-16.27185,167.45138
"16125","niwe1234","aust1307","Niwer Mil",-3.47,153.2
"16137","njav1234","aust1307","Njav",-15.97567,167.25844
"16228","noku1237","aust1307","Nokuku",-14.8974,166.603
"16492","nort2828","aust1307","North Moluccan Malay",-0.86437,128.323
"16497","nort2836","aust1307","North Efate",-17.5774,168.375
"16500","nort2839","aust1307","North Ambrym",-16.1741,168.14
"16504","nort2845","aust1307","North Marquesan",-8.89412,-140.108
"16506","nort2847","aust1307","North Tanna",-19.3733,169.303
"16514","nort2857","aust1307","North Watut",-6.64084,146.218
"16517","nort2860","aust1307","North Babar",-7.84311,129.743
"16521","nort2864","aust1307","Wemale",-3.05143,128.839
"16523","nort2867","aust1307","North Nuaulu",-2.93154,129.277
"16530","nort2875","aust1307","Northern Alta",15.6913,121.454
"16531","nort2877","aust1307","Northern Kankanay",17.1057,120.786
"16535","nort2883","aust1307","Northern Catanduanes Bicolano",13.9032,124.27
"16537","nort2885","aust1307","Northern Subanen",8.5232,123.588
"16541","nort2890","aust1307","Northern Betsimisaraka Malagasy",-19.9184,48.812
"16631","nort2994","aust1307","Northern Roglai",12.1967,108.849
"16763","nort3262","aust1307","Northern Tidung",5.8606,117.5455
"16922","nots1237","aust1307","Notsi",-3.0557,151.661
"17160","nucl1460","aust1307","Madurese",-7,113
"17185","nucl1487","aust1307","Northwest Viti Levu",-18.134562,177.538969
"17518","nuku1258","aust1307","Nukumanu",-4.576321,159.48537
"17519","nuku1259","aust1307","Nukuria",-3.40038,154.731
"17520","nuku1260","aust1307","Nukuoro",3.84,154.975
"17530","numb1247","aust1307","Numbami",-7.52806,147.298
"17532","nume1241","aust1307","Nume",-14.230149,167.593474
"17533","nume1242","aust1307","Numee",-22.2689,166.705
"17579","nusa1245","aust1307","Nusa Laut",-3.67727,128.776
"17619","nyal1254","aust1307","Belep",-19.72,163.66
"17701","nyin1250","aust1307","Nyindrou",-2.1143,146.627
"17742","oass1237","aust1307","Oas",13.17,123.5
"17763","obom1235","aust1307","Obo Manobo",7.29141,125.09
"17869","okol1241","aust1307","Okolod",4.53989,115.753
"17947","oldm1243","aust1307","Old Malay",-0.648259,103.353479
"18001","olra1234","aust1307","Olrat",-14.313,167.433
"18053","onin1245","aust1307","Onin",-2.75976,132.062
"18065","onto1237","aust1307","Luangiua",-5.49029,159.701
"18092","oran1258","aust1307","Orang Kanaq",1.88296,104.008
"18093","oran1259","aust1307","Orang Seletar",1.45841,103.766
"18121","orko1234","aust1307","Orkon-Fanbak",-16.210501,168.212109
"18126","ormu1248","aust1307","Ormu",-2.51361,140.6015
"18130","oroh1237","aust1307","Oroha",-9.7386,161.513
"18148","orow1242","aust1307","Orowe",-21.6269,165.473
"18171","osin1237","aust1307","Osing",-8.25262,114.292
"18207","otda1235","aust1307","Ot Danum",-0.3955,113.469
"18241","ouma1237","aust1307","Ouma",-10.2288,149.101
"18258","owaa1237","aust1307","Owa",-10.82553,162.30467
"18268","oyao1237","aust1307","Oya'oya",-10.5392,150.658
"18286","paaf1237","aust1307","Pááfang",8.610194,152.240167
"18287","paam1238","aust1307","Paama",-16.47548,168.23693
"18315","pado1242","aust1307","Padoe",-2.60642,121.236
"18346","paic1239","aust1307","Paicî",-21.096,165.15
"18364","paiw1248","aust1307","Paiwan",22.3271,120.806
"18376","pakt1239","aust1307","Pak-Tong",-2.05269,147.767
"18378","paku1239","aust1307","Paku",-1.9063,115.087
"18390","pala1344","aust1307","Palauan",7.34138,134.476678
"18434","palu1252","aust1307","Palu'e",-8.32877,121.718
"18435","palu1253","aust1307","Paluan",5.02715,116.346
"18457","pamo1252","aust1307","Pamona",-1.62663,121.268
"18461","pamp1243","aust1307","Pampanga",14.9603,120.502
"18462","pamp1244","aust1307","Pamplona Atta",18.4738,121.3
"18477","pana1303","aust1307","Panasuan",-2.24049,119.65
"18490","panc1247","aust1307","Pancana",-5.29587,122.968
"18498","pand1268","aust1307","Pandeglang",-6.3285,106.11372
"18508","pang1290","aust1307","Pangasinan",15.9377,120.365
"18509","pang1291","aust1307","Pangutaran Sama",6.27167,120.536
"18527","pann1239","aust1307","Pannei",-3.21973,119.191
"18555","papa1265","aust1307","Papapana",-5.92283,155.289
"18558","papa1268","aust1307","Papar",5.57378,115.58
"18563","papi1254","aust1307","Papitalai",-2.06222,147.417
"18566","papo1239","aust1307","Papora-Hoanya",24.324,120.577
"18568","papu1250","aust1307","Papuan Malay",-2.53482,139.651
"18569","papu1251","aust1307","Papuma",-1.77301,135.907
"18583","para1306","aust1307","Paranan",17,122.372
"18597","para1320","aust1307","Paranan-Pahanan",17.04111,122.37028
"18665","pata1260","aust1307","Patani",0.34096,128.634
"18671","pate1247","aust1307","Patep",-6.91988,146.639
"18679","patp1243","aust1307","Patpatar",-3.74711,152.493
"18684","patt1249","aust1307","Kelantan-Pattani Malay",6.38148,101.41
"18692","paul1238","aust1307","Paulohi",-3.25404,128.779
"18700","pauw1243","aust1307","Pauwi",-1.65,137.8
"18737","peka1242","aust1307","Pekal",-3.02248,101.691
"18771","penc1239","aust1307","Penchal",-2.29891,147.81
"18773","pend1242","aust1307","Pendau",-0.11396,119.862
"18786","penr1237","aust1307","Māngarongaro",-9.082238,-157.922908
"18799","pera1256","aust1307","Peranakan Indonesian",-7.982,112.619
"18800","pera1257","aust1307","Perai",-7.62349,126.576
"18834","peta1245","aust1307","Petats",-5.34068,154.593
"18910","piam1242","aust1307","Piamatsina",-14.9959,166.738
"18951","pije1237","aust1307","Pije",-20.7824,164.942
"18961","pile1238","aust1307","Vaeakau-Taumako",-10.173335,166.247188
"18979","ping1243","aust1307","Pingelapese",6.20743,160.711
"19041","piuu1237","aust1307","Piu",-6.96694,146.455
"19056","plat1254","aust1307","Plateau Malagasy",-19.5907,47.1211
"19077","pode1237","aust1307","Podena",-2.20572,139.456
"19086","pohn1238","aust1307","Pohnpeian",6.87212,158.223
"19111","poll1238","aust1307","Pollapese",7.638875,149.428723
"19113","polo1242","aust1307","Polonombauk",-15.4653,167.09
"19118","pomm1237","aust1307","Pom",-1.64224,135.619
"19128","pona1250","aust1307","Ponam",-1.91705,146.887
"19140","pono1240","aust1307","Ponosakan",0.91716,124.712
"19162","poro1253","aust1307","Porohanon",10.6726,124.454
"19169","port1285","aust1307","Port Sandwich",-16.4952,167.78
"19170","port1286","aust1307","Daakie",-16.3083,168.046
"19249","pudt1235","aust1307","Pudtol Atta",18.2112,121.379
"19258","puka1242","aust1307","Pukapuka",-10.91,-165.83
"19260","puka1244","aust1307","Pukaunu",-8.405661,122.690759
"19277","pulu1242","aust1307","Puluwatese",7.35695,149.2005
"19284","puna1266","aust1307","Punan Tubu",2.86972,116.26
"19285","puna1267","aust1307","Punan Aput",1.38035,116.089
"19286","puna1268","aust1307","Punan Merah",0.50763,115.588
"19293","puna1275","aust1307","Punan Bah-Biau",2.27377,113.156
"19296","puna1278","aust1307","Punan Batu 1",2.65327,113.93
"19352","puyu1239","aust1307","Puyuma",22.643,120.996
"19353","pwaa1237","aust1307","Pwaamei",-20.8442,164.77
"19354","pwap1237","aust1307","Pwapwa",-20.8133,164.556
"19476","rade1240","aust1307","Rade",12.979,108.41
"19482","raha1237","aust1307","Rahambuu",-3.24627,121.059
"19495","raiv1237","aust1307","Raivavae",-23.86742,-147.6551
"19498","raja1254","aust1307","Rajah Kabunsuwan Manobo",8.2934,126.266
"19508","rajo1237","aust1307","Rajong",-8.658096,120.874418
"19512","raka1237","aust1307","Rakahanga-Manihiki",-10.03,-161.09
"19536","ramo1244","aust1307","Ramoaaina",-4.17306,152.451
"19539","ramp1243","aust1307","Rampi",-2.1399,120.356
"19568","rapa1244","aust1307","Rapanui",-27.113,-109.342
"19569","rapa1245","aust1307","Mangaia-Old Rapa",-27.6304,-144.338
"19574","rara1235","aust1307","Rara Bakati'",1.27026,109.539
"19577","raro1241","aust1307","Southern Cook Island Maori",-21.23,-159.78
"19586","rata1244","aust1307","Ratahan",1.07592,124.858
"19587","rata1245","aust1307","Ratagnon",12.2785,121.187
"19597","rats1237","aust1307","Ratsua",-5.5245,154.8006
"19639","reja1240","aust1307","Rejang",-3.33056,102.434
"19640","reja1241","aust1307","Rejang Kayan",2.71903,114.169
"19647","remb1250","aust1307","Rembong-Wangka",-8.53361,120.973
"19649","remo1247","aust1307","Hatang Kayi",14.6254,121.453
"19655","remu1237","aust1307","Remun",1.26305,110.82
"19664","renn1242","aust1307","Rennell-Bellona",-11.6237,160.265
"19665","repa1237","aust1307","Repanbitip",-16.3265,167.619
"19669","rere1240","aust1307","Rerep",-16.2934,167.651
"19702","ribu1241","aust1307","Ribun",0.32189,110.207
"19719","ring1244","aust1307","Ringgou",-10.5515,123.311
"19730","riri1237","aust1307","Ririo",-6.88927,156.92
"19735","riun1237","aust1307","Riung",-8.60342,121.122
"19786","roma1332","aust1307","Roma",-7.58643,127.428
"19794","romb1245","aust1307","Romblomanon",12.4047,122.56
"19805","rong1269","aust1307","Rongga",-8.84604,120.702
"19810","ronj1237","aust1307","Ronji",-5.80782,146.731
"19813","roon1237","aust1307","Roon",-2.43005,134.556
"19818","rori1237","aust1307","Mores",-15.4048,166.843
"19832","rotu1241","aust1307","Rotuman",-12.5008,177.066
"19835","rovi1238","aust1307","Roviana",-8.20493,157.408
"19860","ruka1240","aust1307","Rukai",22.7738,120.844
"19886","rung1259","aust1307","Rungus",6.83989,116.743
"19933","saaa1240","aust1307","Sa'a",-9.60258,161.467
"19934","saaa1241","aust1307","Sa",-15.9534,168.228
"19947","saar1237","aust1307","Saaroa",23.2632,120.711
"19954","saba1263","aust1307","Sabah Malay",4.64808,117.024
"19956","saba1265","aust1307","Sa'ban",3.58723,115.664
"19957","saba1267","aust1307","Sabah Bisaya",5.30433,115.512
"19966","saba1284","aust1307","Sabah Iranun",6.35,116.43
"19979","sabu1255","aust1307","Hawu",-10.5522,121.847
"20037","sais1237","aust1307","Saisiyat",24.6043,121.067
"20039","saja1241","aust1307","Sajau-Latti",2.43432,117.401
"20047","saka1289","aust1307","Wanohe",-15.0757,167.051
"20049","saka1291","aust1307","West Malagasy Sakalava",-20.28,44.32
"20066","saki1247","aust1307","Sakizaya",24.026316,121.531394
"20080","sala1269","aust1307","Salas",-3.14654,130.53
"20095","sale1244","aust1307","Saleman",-2.82548,129.427
"20098","sali1295","aust1307","Saliba",-10.6148,150.727
"20111","salu1253","aust1307","Saluan",-0.873,122.746
"20171","samo1305","aust1307","Samoan",-13.92,-171.83
"20249","sang1334","aust1307","Sangar",-8.376,118.29287
"20251","sang1336","aust1307","Sangir",3.50554,125.56523
"20252","sang1337","aust1307","Sangil",5.40229,125.378
"20254","sang1339","aust1307","Sanggau",-0.13152,110.404
"20426","sapa1251","aust1307","Saparua",-3.58314,128.639
"20436","sapo1253","aust1307","Saposa",-5.64103,154.732
"20442","sapw1237","aust1307","Sapwuahfik",5.78928,157.15965
"20456","sara1323","aust1307","Sarasira",-6.18,146.4
"20459","sara1326","aust1307","Sarangani Blaan",6.03691,125.354
"20460","sara1327","aust1307","Sarangani Manobo",5.84903,125.499
"20462","sara1329","aust1307","Sara Bakati'",1.20403,109.6155
"20502","saru1242","aust1307","Sarudu",-1.7094,119.349
"20510","sasa1249","aust1307","Sasak",-8.58349,116.284
"20519","sata1237","aust1307","Satawalese",7.36084,147.038
"20548","sawa1247","aust1307","Sawai",0.51111,128.086
"20594","sebe1242","aust1307","Seberuang",-0.02463,111.212
"20597","sebo1238","aust1307","Sebop",3.42701,114.178
"20600","sebu1243","aust1307","Sebuyau",1.42104,110.48
"20617","sedo1237","aust1307","Sedoa",-1.37295,120.378
"20623","sega1243","aust1307","Segai",1.97695,116.954
"20635","seim1238","aust1307","Seimat",-1.2666667,144.25
"20636","seit1239","aust1307","Seit-Kaitetu",-3.6111,128.068
"20639","seka1247","aust1307","Sekar",-2.65849,132.469
"20640","seka1248","aust1307","Sekapan",2.47567,113.562
"20644","seke1241","aust1307","Seke (Vanuatu)",-15.8839,168.197
"20648","seko1242","aust1307","Seko Tengah",-2.22069,119.823
"20649","seko1243","aust1307","Seko Padang",-2.14311,119.959
"20658","sela1259","aust1307","Selaru",-8.18376,130.961
"20659","sela1260","aust1307","Selayar",-6.10145,120.496
"20673","selu1242","aust1307","Seluwasan",-7.59918,131.25
"20674","selu1243","aust1307","Selungai Murut",4.34788,116.45
"20681","sema1269","aust1307","Onya Darat",-0.75188,110.527
"20684","semb1240","aust1307","Sembakung Murut",4.22102,116.799
"20722","seng1281","aust1307","Sengseng",-6.16474,149.784
"20741","sepa1241","aust1307","Sepa (Papua New Guinea)",-4.27,144.965
"20742","sepa1242","aust1307","Sepa (Indonesia)",-3.36682,129.243
"20755","sera1260","aust1307","Sera",-2.9854,141.951
"20774","seri1255","aust1307","Serili",-8.11241,129.901
"20786","seru1244","aust1307","Serui-Laut",-1.87766,136.252
"20787","seru1245","aust1307","Serua",-6.31107,130.017294
"20788","seru1246","aust1307","Serudung Murut",4.39954,117.279
"20818","sewa1251","aust1307","Sewa Bay",-10.0277,150.956
"20889","shar1244","aust1307","Ngen",-15.255284,167.138859
"21050","sian1254","aust1307","Siang",-0.38398,114.693
"21051","sian1255","aust1307","Sihan",2.66154,113.843
"21053","siar1238","aust1307","Siar-Lak",-4.62059,152.892
"21075","sibu1258","aust1307","Sibu Melanau",2.26758,111.763
"21095","siee1239","aust1307","Sie",-18.8181,169.166
"21122","sika1261","aust1307","Sikaiana",-8.37701,162.72522
"21123","sika1262","aust1307","Sika",-8.67302,122.38
"21132","siku1242","aust1307","Sikule",2.69113,95.9636
"21166","simb1256","aust1307","Simbo",-8.26947,156.541
"21172","sime1241","aust1307","Simeulue",2.50288,96.2757
"21182","sina1266","aust1307","Sinaugoro",-9.79791,147.861
"21243","sioo1240","aust1307","Sio",-5.96037,147.353
"21259","sira1267","aust1307","Sirayaic",22.9777,120.315
"21287","sisi1250","aust1307","Sisiqa",-7,156.83
"21289","siss1243","aust1307","Sissano",-3.01976,142.049
"21357","sobe1238","aust1307","Sobei",-1.86998,138.75
"21398","solo1257","aust1307","Solos",-5.41042,154.624
"21399","solo1258","aust1307","Solong",-5.86129,148.825
"21454","sons1242","aust1307","Sonsorol",5.328596,132.221282
"21483","sori1242","aust1307","Sori-Harengan",-1.98384,146.642
"21721","sout2856","aust1307","Nafsan",-17.7006,168.377
"21722","sout2857","aust1307","Nahavaq",-16.5116,167.477
"21724","sout2859","aust1307","Southeast Ambrym",-16.2975,168.211
"21728","sout2866","aust1307","South Marquesan",-9.75663,-138.979
"21731","sout2869","aust1307","Southwest Tanna",-19.57953,169.35603
"21738","sout2877","aust1307","South Watut",-7.03751,146.409
"21744","sout2883","aust1307","Southeast Babar",-7.94359,129.8
"21755","sout2895","aust1307","South Nuaulu",-3.23411,129.148
"21756","sout2896","aust1307","Eastern Atadei",-8.49783,123.531
"21764","sout2905","aust1307","Southern Alta",15.1841,121.054
"21766","sout2908","aust1307","Bangad",17.2936,121.068
"21769","sout2912","aust1307","Coastal-Virac Bikol",13.6989,124.29
"21772","sout2916","aust1307","Southwest Palawano",8.67624,117.36
"21774","sout2918","aust1307","Southern Sama",4.755836,119.483887
"21776","sout2920","aust1307","Southern Betsimisaraka Malagasy",-22.8,47.82
"21859","sout3010","aust1307","Southern Roglai",11.3003,108.318
"21982","sout3241","aust1307","Southern Tidung",4,117.75
"22142","sowa1244","aust1307","Sowa",-15.82653,168.18653
"22172","sril1245","aust1307","Sri Lanka Malay",6.91603,79.864
"22193","stan1306","aust1307","Standard Malay",3.08896,101.699
"22234","suau1242","aust1307","Suau",-10.6606,150.21
"22253","sude1239","aust1307","Sudest",-11.5229,153.488
"22268","sugu1243","aust1307","Sugut Dusun",6.14235,117.176
"22288","suku1264","aust1307","Sukurum",-6.28,146.34187
"22292","sula1245","aust1307","Sanana",-2.30765,125.966
"22295","sula1248","aust1307","Sula",-2.30765,125.9656
"22305","sulo1237","aust1307","Sulod",11.2473,122.551
"22322","sumb1241","aust1307","Sumbawa",-8.71919,117.472
"22336","sund1252","aust1307","Sundanese",-6.89708,107.106
"22338","sund1255","aust1307","Old Sundanese",-7.1,108.3
"22380","suri1273","aust1307","Surigaonon",9,126
"22392","surs1246","aust1307","Sursurunga",-3.99078,152.768
"22414","suwa1241","aust1307","Suwawa",0.4907,123.362
"22502","tady1237","aust1307","Tadyawan",13.0211,121.305
"22503","taee1237","aust1307","Tae'",-2.58205,120.139
"22515","taga1268","aust1307","Tagakaulu Kalagan",6.45338,125.426
"22517","taga1270","aust1307","Tagalog",14.06,121.747
"22519","taga1272","aust1307","Tagabawa",6.9712,125.175
"22520","taga1273","aust1307","Tagal Murut",4.42907,116.177
"22528","tagb1258","aust1307","Tagbanwa",9.54263,118.497
"22541","tahi1242","aust1307","Tahitian",-17.6485,-149.45
"22606","taje1237","aust1307","Taje",-0.72583,120.078
"22608","taji1246","aust1307","Tajio",-0.31553,120.01
"22629","taki1248","aust1307","Takia",-4.69057,145.975
"22640","taku1257","aust1307","Takuu",-4.773094,157.032085
"22648","tala1285","aust1307","Talaud",4.11846,126.795
"22661","tali1259","aust1307","Talise",-9.76764,160.231
"22664","tali1262","aust1307","Taliabu",-1.79516,124.869
"22676","talo1251","aust1307","Talondo'",-2.4525,119.35
"22677","talo1252","aust1307","Taloki",-4.6478,122.872
"22680","talu1239","aust1307","Talur",-7.88553,126.336
"22693","tama1335","aust1307","Taman (Indonesia)",1.00003,112.975
"22703","tamb1253","aust1307","Tambotalo",-15.5004,167.139
"22704","tamb1254","aust1307","Tambunan Dusun",5.68284,116.373
"22716","tami1290","aust1307","Tami",-6.70017,147.732
"22734","tamp1254","aust1307","Tampias Lobu",5.72467,116.789
"22745","tana1281","aust1307","Tanapag",15.237,145.757
"22761","tand1253","aust1307","Tandia",-2.84228,134.532
"22764","tand1256","aust1307","Tandroy Malagasy",-24.80155,45.9
"22766","tand1258","aust1307","Tandaganon",8.9815,126.186
"22768","tane1237","aust1307","Tanema",-11.68,166.97
"22785","tang1347","aust1307","Movono",-15.5643,166.958
"22786","tang1348","aust1307","Tangga",-4.08824,153.611
"22810","tang1385","aust1307","Tangerang Sundanese",-6.2001674,106.4671383
"22812","tani1255","aust1307","Tanimbili",-11.2975,166.507
"22830","tano1246","aust1307","Tanosy Malagasy",-24.9186,47.1357
"22898","taro1264","aust1307","Seediq",23.9032,121.358
"22902","tarp1240","aust1307","Tarpia",-2.322279,140.115497
"22917","tasm1246","aust1307","Tasmate",-15.0792,166.664
"22921","tata1257","aust1307","Tatana",5.49808,115.553
"22940","taup1242","aust1307","Taupota",-10.2275,150.373
"22944","taus1251","aust1307","Tausug",5.12236,118.88
"22947","taut1234","aust1307","Taut Batu",8.88129,117.673091
"22951","tava1241","aust1307","Tavalong-Vataan",23.635064,121.422761
"22964","tawa1275","aust1307","Tawala",-10.3115,150.644
"22975","tawo1243","aust1307","Tawoyan",-1.30017,115.204
"23002","tbol1240","aust1307","Tboli",6.20377,124.538
"23012","tean1237","aust1307","Teanu",-11.6752,166.868
"23060","tela1241","aust1307","Tela-Masbuar",-8.01195,129.687
"23070","telu1263","aust1307","Teluti",-3.2969,129.663
"23102","temp1235","aust1307","Tempasuk Dusun",6.36389,116.545
"23104","temu1239","aust1307","Temuan",2.78176,101.906
"23117","teng1267","aust1307","Tenggarong Kutai Malay",0.71803,117.645
"23122","teng1272","aust1307","Tengger",-7.89069,113.037
"23126","teni1244","aust1307","Tenis",-1.65074,150.672
"23136","teop1238","aust1307","Teop",-5.67474,154.971
"23138","teor1240","aust1307","Teor",-4.74159,131.737
"23164","tere1276","aust1307","Terebu",-3.68721,143.835
"23175","term1237","aust1307","Termanu",-10.7326,123.169
"23184","tesa1236","aust1307","Tesaka Malagasy",-23.3,47.33
"23201","tetu1245","aust1307","Tetum",-9.11217,125.528
"23202","tetu1246","aust1307","Tetun Dili",-8.58405,125.583
"23205","teun1241","aust1307","Te'un",-6.97086,129.143718
"23252","thao1240","aust1307","Thao",23.8333,120.93
"23309","tial1239","aust1307","Tiale",-15.2334,166.842
"23312","tian1237","aust1307","Tiang",-2.95505,150.935
"23338","tidu1239","aust1307","Tidung",3.937955,117.55143
"23352","tiga1245","aust1307","Tigak",-2.70951,150.893
"23368","tiii1241","aust1307","Tii",-10.8425,122.963
"23377","tiko1237","aust1307","Tikopia",-12.2766,168.822
"23406","timu1262","aust1307","Timugon Murut",5.1796,115.826
"23412","tina1248","aust1307","Tinà Sambal",15.5797,120.095
"23433","tino1235","aust1307","Tinoc Kallahan",16.7899,120.994
"23435","tinp1237","aust1307","Tinputz",-5.58358,154.972
"23456","tiri1258","aust1307","Tiri-Mea",-21.8147,165.792
"23461","tiru1241","aust1307","Tiruray",6.77321,124.127
"23466","tita1241","aust1307","Titan",-2.18168,146.888
"23519","toab1237","aust1307","To'abaita",-8.39233,160.619
"23525","toba1266","aust1307","Tobati",-2.56434,140.71
"23536","tobi1238","aust1307","Tobian",3.004528,131.171295
"23537","tobi1239","aust1307","Tobilung",6.56097,116.67
"23572","toke1240","aust1307","Tokelau",-9.227642,-171.780833
"23590","tola1247","aust1307","Tolaki",-4.03577,121.888
"23600","tolo1255","aust1307","Tolomako",-15.1569,166.772
"23607","toma1248","aust1307","Tomadino",-2.56493,121.944
"23608","tomb1243","aust1307","Tombulu",1.39715,124.754
"23609","tomb1244","aust1307","Tombonuo",6.2892,117.322
"23610","tomb1245","aust1307","Tombelala",-2.50998,121.915
"23615","tomi1243","aust1307","Tomini",0.42569,120.89
"23621","tomo1244","aust1307","Tomoip",-5.30721,151.828
"23630","tond1251","aust1307","Tondano",1.28024,124.964
"23647","tong1325","aust1307","Tonga (Tonga Islands)",-21.17,-175.25
"23661","tons1239","aust1307","Tonsawang",1.0539,124.652
"23662","tons1240","aust1307","Tonsea",1.51393,125.052
"23663","tont1239","aust1307","Tontemboan",1.24813,124.654
"23671","topo1243","aust1307","Topoiyo",-2.06702,119.314
"23674","tora1259","aust1307","Torau",-6.19922,155.496
"23676","tora1261","aust1307","Toraja-Sa'dan",-2.97144,119.829
"23714","toto1304","aust1307","Totoli",1.14995,120.875
"23727","tour1243","aust1307","Toura (Papua New Guinea)",-9.10008,146.988
"23778","trin1271","aust1307","Tringgus-Sembaan Bidayuh",1.4313,109.95
"23780","trin1273","aust1307","Tring",1.335,110.036
"23809","tsat1238","aust1307","Tsat",18.3192,109.336
"23828","tsim1257","aust1307","Tsimihety Malagasy",-15.4294,48.8102
"23850","tsou1248","aust1307","Tsou",23.216,120.787
"23869","tuam1242","aust1307","Tuamotuan",-16.17259,-146.321755
"23886","tugu1245","aust1307","Tugun",-7.72555,126.7
"23897","tuka1248","aust1307","Tukang Besi North",-5.30994,123.578
"23898","tuka1249","aust1307","Tukang Besi South",-5.7478,123.948
"23906","tuku1254","aust1307","Tukudede",-8.6788,125.283
"23916","tule1244","aust1307","Tulehu",-3.57785,128.31
"23921","tulu1259","aust1307","Tulu-Bohuai",-2.14155,146.934
"23935","tuml1238","aust1307","Tumleo",-3.14955,142.346
"23960","tung1290","aust1307","Tungag",-2.52188,150.198
"23973","tunj1244","aust1307","Tunjung",-0.29048,115.883
"24055","tuto1241","aust1307","Tutong",4.74327,114.638
"24059","tutu1241","aust1307","Tutuba",-15.580667,167.268889
"24064","tuva1244","aust1307","Tuvalu",-8.520813,179.198088
"24067","tuwa1243","aust1307","Tuwali Ifugao",16.6646,121.113
"24109","uabm1237","aust1307","Uab Meto",-9.77284,124.144
"24126","ubir1237","aust1307","Ubir",-9.59044,149.396
"24163","ughe1237","aust1307","Ughele",-8.45725,157.341
"24177","ujir1237","aust1307","Ujir",-5.69329,134.257
"24188","ukit1237","aust1307","Ukit",2.42408,113.81962
"24208","ulau1237","aust1307","Ulau-Suain",-3.32876,142.845
"24215","ulit1238","aust1307","Ulithian",9.961388,139.603611
"24232","ulum1237","aust1307","Ulumanda'",-3.00933,118.994
"24240","umaa1242","aust1307","Uma",-1.70416,119.968
"24247","umal1238","aust1307","Uma' Lung",3.25,116.5
"24248","umal1239","aust1307","Uma' Lasan",2.14141,114.205
"24274","umir1236","aust1307","Umiray Dumaget Agta",14.8757,121.508
"24339","unde1235","aust1307","Unde Kaili",-0.85876,119.673
"24342","unea1237","aust1307","Uneapa",-4.89383,149.141
"24360","unua1237","aust1307","Unua",-16.2638,167.599
"24362","unub1234","aust1307","Unubahe",-10.3652,150.2683
"24482","uppe1427","aust1307","Upper Kinabatangan",5.31911,116.901
"24538","urak1238","aust1307","Urak Lawoi'",7.5258,99.0768
"24550","urav1235","aust1307","Ura (Vanuatu)",-18.6747,169.084
"24564","urip1239","aust1307","Uripiv-Wala-Rano-Atchin",-16.00951,167.34643
"24578","urua1242","aust1307","Uruava",-6.23314,155.573
"24580","urua1244","aust1307","Uruangnirin",-3.45498,132.745
"24676","vagh1249","aust1307","Vaghua",-6.68712,156.542
"24709","valp1237","aust1307","Valpei",-14.712,166.606
"24712","vama1243","aust1307","Vamale",-20.7708,165.04
"24723","vang1243","aust1307","Vangunu",-8.66826,157.997
"24730","vano1237","aust1307","Lovono",-11.6107,166.7984
"24737","vaoo1237","aust1307","Vao-Vovo",-15.898299,167.309973
"24742","vari1239","aust1307","Varisi",-6.83443,156.655
"24764","vehe1237","aust1307","Vehes",-6.92151,146.895
"24789","vera1241","aust1307","Vera'a",-13.892528,167.428701
"24802","vezo1235","aust1307","Vezo",-23.34,43.67
"24833","vinm1237","aust1307","Neve'ei",-16.2253,167.427
"24849","vivt1234","aust1307","Vivti",-16.28,167.5
"24884","vovo1238","aust1307","Vovo",-15.89842,167.20213
"24892","vuna1239","aust1307","Vunapu",-14.8477,166.691
"24896","vure1239","aust1307","Vurës",-13.905677,167.451412
"24910","waam1236","aust1307","Waamwang",-20.5014,164.409
"24916","wabb1237","aust1307","Wab",-5.61216,146.461
"24917","wabo1240","aust1307","Wabo",-1.77297,136.757
"24943","waem1237","aust1307","Wa'ema",-10.2897,150.398
"24944","waer1237","aust1307","Kolor",-8.78645,120.70299
"24954","waga1268","aust1307","Wagawaga",-10.41792,150.37814
"24963","waha1238","aust1307","Eastern Lowland Kenyah",1.56635,116.655
"24977","waig1244","aust1307","Waigeo",-0.17957,130.917
"24984","wail1242","aust1307","Ale",-15.5656,166.902
"24988","waim1251","aust1307","Waima",-8.67145,146.544
"24989","waim1252","aust1307","Waima'a",-8.53416,126.317
"25018","wakd1237","aust1307","Wakde",-1.98457,139.008
"25026","wala1266","aust1307","Wala",-8.81936,160.741
"25050","wall1257","aust1307","East Uvean",-13.2903,-176.207
"25073","wamp1247","aust1307","Wampar",-6.67364,146.662
"25074","wamp1248","aust1307","Wampur",-6.33644,146.126
"25095","wand1267","aust1307","Wandamen",-2.25622,133.996
"25139","wanu1241","aust1307","Wanukaka",-9.69834,119.468
"25166","wara1299","aust1307","Waray Sorsogon",12.6795,124.015
"25167","wara1300","aust1307","Waray (Philippines)",11.4911,125.012
"25178","ware1253","aust1307","Warembori",-1.65941,137.566
"25213","waro1242","aust1307","Waropen",-2.31142,136.633
"25224","waru1266","aust1307","Waru",-3.412,122.058
"25258","watu1247","aust1307","Watubela",-4.47294,131.641
"25262","wauy1237","aust1307","Wauyai",-0.2828,130.597
"25268","wawo1239","aust1307","Wawonii",-4.13587,123.1
"25274","waya1268","aust1307","Waya (Western Fijian)",-17.294682,177.123396
"25290","weda1241","aust1307","Wedau",-10.1246,150.172
"25302","weje1237","aust1307","Wewewa",-9.55099,119.349
"25304","wela1235","aust1307","Welaun",-9.097288,125.239513
"25492","west2513","aust1307","West Ambae",-15.4281,167.807
"25495","west2516","aust1307","West Uvean",-20.4145,166.589
"25497","west2519","aust1307","Western Viti Levu-Yasawas Fijian",-17.8355,177.657
"25510","west2535","aust1307","West Masela",-8.1804,129.833
"25513","west2538","aust1307","West Tarangan",-6.62046,134.168
"25515","west2541","aust1307","West Lembata",-8.49669,123.298
"25521","west2548","aust1307","West Damar",-7.12065,128.585
"25527","west2555","aust1307","Western Bukidnon Manobo",7.6682,124.825
"25529","west2557","aust1307","Western Subanon",7.79964,122.341
"25531","west2559","aust1307","Western Tawbuid",12.8227,121.026
"25532","west2560","aust1307","West Coast Bajau",6.00631,116.124
"25534","west2563","aust1307","Western Penan",3.4667,114.523
"25535","west2564","aust1307","West Berawan",3.9815,114.528
"25608","west2650","aust1307","Western Cham",12.4771,104.026
"25848","weta1242","aust1307","Dorig",-14.366666,167.545897
"25867","whit1269","aust1307","Whitesands",-19.5019,169.381
"25947","woge1237","aust1307","Wogeo",-3.20238,144.089
"25951","woii1237","aust1307","Woi",-1.62746,135.484
"25962","wole1240","aust1307","Woleaian",7.37957,143.916
"25964","woli1241","aust1307","Wolio",-5.33,122.67
"25999","wotu1240","aust1307","Wotu",-2.59593,120.9
"26057","wusi1237","aust1307","Kula (Vanuatu)",-15.2786,166.696
"26070","wuvu1239","aust1307","Wuvulu-Aua",-1.73938,142.851
"26092","xara1243","aust1307","Xaragure",-21.8223,166.376
"26093","xara1244","aust1307","Xârâcùù",-21.7034,165.996
"26190","yabe1254","aust1307","Yabem",-6.67052,147.81
"26234","yaka1275","aust1307","Yakaikeke",-10.0852,149.982
"26236","yaka1277","aust1307","Yakan",6.531023,122.021729
"26254","yala1266","aust1307","Yalahatan-Haruru-Awaiya",-3.3619,129.315
"26265","yama1260","aust1307","Yamap",-7.05687,146.817
"26278","yamd1240","aust1307","Yamdena",-7.73722,131.44
"26281","yami1254","aust1307","Yami",22.055,121.544
"26285","yamn1237","aust1307","Yamna",-2.09118,139.206
"26361","yape1248","aust1307","Yapese",9.55811,138.125
"26418","yaur1239","aust1307","Yaur",-3.32519,134.879
"26486","yere1243","aust1307","Yeretuar",-3.01713,134.656
"26557","yoba1237","aust1307","Yoba",-10.2167,149.283
"26560","yoga1237","aust1307","Yogad",16.7015,121.718
"26567","yoke1238","aust1307","Yoke",-1.68798,138.028
"26637","yuag1237","aust1307","Yuaga",-20.5664,164.51
"26728","zaba1237","aust1307","Zabana",-7.74311,158.753
"26812","zaza1245","aust1307","Zazao",-8.18719,159.255
"26828","zena1237","aust1307","Zenag",-6.93858,146.546
"26889","zire1240","aust1307","Zire",-21.6544,165.482
